modelId,nodeId,taskId,round,type,positiveVote,negativeVote,evaluator1,evaluator2,evaluator3,aggregated,aggModelId,accuracy,acc1,acc2,acc3
1,-1,1,0,2,0,0,-1,-1,-1,true,0,0.0,0.0,0.0,0.0
2,2,1,0,0,2,0,0,16,-1,true,19,50.0,44.05,52.0,0.0
3,3,1,0,0,2,0,1,30,-1,true,21,25.0,34.21,35.0,0.0
4,5,1,0,0,2,0,42,19,-1,true,22,56.25,50.65,60.59,0.0
5,7,1,0,0,2,0,1,30,-1,true,22,61.84,58.42,54.55,0.0
6,9,1,0,0,2,0,29,20,-1,true,19,34.62,37.96,45.0,0.0
7,15,1,0,0,2,0,19,42,-1,true,20,25.0,43.53,35.16,0.0
8,17,1,0,0,2,0,24,20,-1,true,20,54.76,46.94,56.67,0.0
9,23,1,0,0,2,0,16,42,-1,true,19,61.7,60.0,57.42,0.0
10,26,1,0,0,2,0,42,20,-1,true,21,50.0,49.03,60.0,0.0
11,31,1,0,0,2,0,19,45,-1,true,22,62.5,64.12,65.29,0.0
12,32,1,0,0,2,0,45,20,-1,true,20,67.44,68.24,60.0,0.0
13,34,1,0,0,2,0,20,30,-1,true,21,32.69,50.0,40.45,0.0
14,36,1,0,0,2,0,43,42,-1,true,22,60.42,62.78,55.81,0.0
15,37,1,0,0,2,0,16,30,-1,true,20,41.67,38.0,32.73,0.0
16,38,1,0,0,2,0,30,29,-1,true,19,30.0,30.0,30.2,0.0
17,39,1,0,0,2,0,45,0,-1,true,19,43.75,40.0,33.78,0.0
18,44,1,0,0,2,0,43,24,-1,true,21,44.79,49.72,52.22,0.0
19,29,1,0,1,1,0,16,-1,-1,true,20,38.37,0.0,0.0,0.0
20,29,1,0,1,0,0,-1,-1,-1,true,21,43.88,0.0,0.0,0.0
21,29,1,0,1,1,0,30,-1,-1,true,22,44.49,0.0,0.0,0.0
22,29,1,0,2,0,0,-1,-1,-1,false,0,52.86,0.0,0.0,0.0
23,6,1,1,0,2,0,38,34,-1,true,41,44.44,58.0,72.0,0.0
24,8,1,1,0,2,0,38,20,-1,true,41,55.56,58.0,63.33,0.0
25,21,1,1,0,2,0,16,27,-1,true,41,53.57,54.0,55.1,0.0
26,24,1,1,0,2,0,16,27,-1,true,41,51.39,60.0,60.61,0.0
27,9,1,1,0,2,0,10,16,-1,true,42,46.15,53.9,54.0,0.0
28,29,1,1,0,2,0,15,16,-1,true,42,62.24,64.29,62.0,0.0
29,2,1,1,0,2,0,15,34,-1,true,42,66.67,68.57,82.62,0.0
30,44,1,1,0,0,2,19,38,-1,false,0,89.06,68.24,68.0,0.0
31,42,1,1,0,2,1,3,38,27,true,43,72.58,55.0,68.0,62.86
32,30,1,1,0,1,2,16,27,38,false,0,68.18,52.0,58.37,58.0
33,39,1,1,0,2,0,20,49,-1,true,43,68.75,61.67,66.43,0.0
34,45,1,1,0,2,0,49,10,-1,true,43,64.71,62.14,59.51,0.0
35,48,1,1,0,2,0,15,16,-1,true,43,68.0,71.43,70.0,0.0
36,7,1,1,0,0,2,16,38,-1,false,0,93.16,68.0,74.0,0.0
37,37,1,1,0,2,0,27,38,-1,true,41,50.0,55.92,58.0,0.0
38,1,1,1,0,2,0,15,3,-1,true,42,57.89,57.14,48.33,0.0
39,25,1,1,0,1,2,15,16,3,false,0,73.91,64.29,62.0,61.67
40,14,1,1,0,1,2,16,27,3,false,0,75.0,62.0,66.53,58.33
41,15,1,1,1,0,0,-1,-1,-1,true,42,66.43,0.0,0.0,0.0
42,16,1,1,1,0,0,-1,-1,-1,true,43,68.0,0.0,0.0,0.0
43,16,1,1,2,0,0,-1,-1,-1,false,0,66.0,0.0,0.0,0.0
44,21,1,2,0,2,0,27,20,-1,true,64,60.71,62.45,66.67,0.0
45,6,1,2,0,2,0,34,30,-1,true,67,58.33,89.54,65.45,0.0
46,22,1,2,0,2,0,10,16,-1,true,65,69.57,70.0,66.0,0.0
47,40,1,2,0,2,0,16,27,-1,true,64,71.15,72.0,67.35,0.0
48,24,1,2,0,2,0,27,19,-1,true,66,59.72,70.82,68.82,0.0
49,29,1,2,0,2,0,16,34,-1,true,64,67.35,60.0,87.23,0.0
50,32,1,2,0,2,0,44,27,-1,true,66,73.26,80.25,70.82,0.0
51,38,1,2,0,2,0,30,16,-1,true,64,60.0,57.27,58.0,0.0
52,25,1,2,0,2,1,19,20,16,true,65,80.43,75.88,68.33,74.0
53,2,1,2,0,2,0,27,16,-1,true,68,66.67,63.88,68.0,0.0
54,11,1,2,0,2,0,10,19,-1,true,68,71.21,65.61,66.47,0.0
55,4,1,2,0,2,0,44,39,-1,true,64,60.0,75.25,70.83,0.0
56,26,1,2,0,2,1,39,30,16,true,65,72.63,67.92,62.27,66.0
57,3,1,2,0,2,0,13,30,-1,true,66,66.67,66.43,66.36,0.0
58,49,1,2,0,2,0,34,16,-1,true,67,64.29,90.46,66.0,0.0
59,48,1,2,0,2,0,16,27,-1,true,65,73.0,78.0,72.24,0.0
60,7,1,2,0,0,2,20,13,-1,false,0,93.16,68.33,73.57,0.0
61,5,1,2,0,2,0,44,30,-1,true,67,71.25,79.25,66.82,0.0
62,36,1,2,0,2,0,39,16,-1,true,66,67.71,70.0,70.0,0.0
63,47,1,2,0,2,0,20,27,-1,true,67,78.57,75.0,69.39,0.0
64,30,1,2,1,0,0,-1,-1,-1,true,65,65.91,0.0,0.0,0.0
65,34,1,2,1,0,0,-1,-1,-1,true,66,77.31,0.0,0.0,0.0
66,34,1,2,1,1,0,34,-1,-1,true,67,77.69,0.0,0.0,0.0
67,34,1,2,1,0,0,-1,-1,-1,true,68,79.23,0.0,0.0,0.0
68,34,1,2,2,0,0,-1,-1,-1,false,0,80.0,0.0,0.0,0.0
69,16,1,3,0,2,0,1,19,-1,true,89,70.0,78.95,79.41,0.0
70,35,1,3,0,0,2,29,42,-1,false,0,90.91,75.1,73.23,0.0
71,6,1,3,0,2,0,30,44,-1,true,90,63.89,76.82,93.0,0.0
72,0,1,3,0,1,2,15,30,19,false,0,89.19,80.0,75.45,78.24
73,27,1,3,0,2,0,19,30,-1,true,88,74.49,83.53,80.91,0.0
74,21,1,3,0,2,0,10,15,-1,true,88,78.57,78.29,83.57,0.0
75,40,1,3,0,2,0,44,29,-1,true,88,76.92,90.75,75.92,0.0
76,24,1,3,0,2,0,44,43,-1,true,89,72.22,96.75,80.56,0.0
77,20,1,3,0,1,2,42,15,30,false,0,75.0,64.52,69.29,63.18
78,46,1,3,0,2,0,13,42,-1,true,88,75.0,75.71,72.9,0.0
79,34,1,3,0,0,2,42,30,-1,false,0,94.62,77.74,75.91,0.0
80,23,1,3,0,0,2,13,10,-1,false,0,99.0,80.0,77.8,0.0
81,4,1,3,0,2,0,10,15,-1,true,90,70.0,74.88,79.29,0.0
82,39,1,3,0,2,0,43,15,-1,true,88,81.25,78.06,79.29,0.0
83,31,1,3,0,2,0,42,30,-1,true,90,76.56,80.97,79.09,0.0
84,49,1,3,0,2,0,29,13,-1,true,90,77.38,75.31,80.71,0.0
85,7,1,3,0,1,2,44,29,1,false,0,99.0,97.75,80.2,81.05
86,12,1,3,0,2,0,44,29,-1,true,89,71.88,94.0,77.96,0.0
87,14,1,3,0,2,0,1,15,-1,true,89,85.0,78.42,82.14,0.0
88,42,1,3,1,0,0,-1,-1,-1,true,89,79.68,0.0,0.0,0.0
89,29,1,3,1,0,0,-1,-1,-1,true,90,78.16,0.0,0.0,0.0
90,30,1,3,1,0,0,-1,-1,-1,true,91,77.27,0.0,0.0,0.0
91,10,1,3,2,0,0,-1,-1,-1,false,0,80.98,0.0,0.0,0.0
92,6,1,4,0,2,0,43,19,-1,true,111,66.67,77.78,85.29,0.0
93,35,1,4,0,0,2,20,49,-1,false,0,95.45,83.33,83.33,0.0
94,15,1,4,0,2,0,32,24,-1,true,110,78.57,80.93,81.94,0.0
95,8,1,4,0,2,0,20,27,-1,true,109,83.33,81.67,87.55,0.0
96,42,1,4,0,2,0,1,29,-1,true,109,85.48,82.11,79.18,0.0
97,25,1,4,0,2,1,49,20,19,true,111,86.96,80.95,76.67,78.82
98,44,1,4,0,0,2,27,16,-1,false,0,92.5,82.24,82.0,0.0
99,11,1,4,0,2,0,16,20,-1,true,110,83.33,80.0,75.0,0.0
100,26,1,4,0,0,2,29,20,-1,false,0,94.74,72.24,76.67,0.0
101,4,1,4,0,2,0,16,43,-1,true,111,76.67,82.0,80.0,0.0
102,39,1,4,0,2,0,24,27,-1,true,109,81.25,81.94,80.61,0.0
103,45,1,4,0,2,0,27,43,-1,true,111,88.24,84.29,82.78,0.0
104,47,1,4,0,2,0,16,29,-1,true,109,84.52,82.0,76.94,0.0
105,31,1,4,0,2,0,20,1,-1,true,110,79.69,85.0,83.68,0.0
106,48,1,4,0,2,0,16,19,-1,true,110,83.0,88.0,81.76,0.0
107,7,1,4,0,0,2,32,20,-1,false,0,99.0,80.23,78.33,0.0
108,21,1,4,0,2,0,19,43,-1,true,109,75.0,80.59,80.56,0.0
109,29,1,4,1,0,0,-1,-1,-1,true,110,81.22,0.0,0.0,0.0
110,29,1,4,1,0,0,-1,-1,-1,true,111,82.04,0.0,0.0,0.0
111,19,1,4,2,0,0,-1,-1,-1,false,0,81.76,0.0,0.0,0.0
112,16,1,5,0,2,0,34,15,-1,true,129,60.0,58.15,82.86,0.0
113,40,1,5,0,2,0,44,20,-1,true,129,76.92,92.25,78.33,0.0
114,0,1,5,0,2,0,15,30,-1,true,129,87.84,85.0,78.18,0.0
115,22,1,5,0,2,0,43,30,-1,true,130,82.61,79.72,78.64,0.0
116,8,1,5,0,2,0,43,30,-1,true,132,83.33,82.5,79.55,0.0
117,29,1,5,0,2,0,27,44,-1,true,131,76.53,83.27,94.5,0.0
118,9,1,5,0,2,0,32,1,-1,true,131,88.46,83.49,85.79,0.0
119,25,1,5,0,2,0,27,15,-1,true,130,84.78,83.88,85.0,0.0
120,38,1,5,0,2,0,1,27,-1,true,130,80.0,75.26,74.49,0.0
121,42,1,5,0,2,1,20,34,15,true,129,83.87,78.33,59.23,82.14
122,4,1,5,0,2,0,30,27,-1,true,131,73.33,79.55,85.1,0.0
123,19,1,5,0,2,0,44,32,-1,true,131,64.71,92.5,76.74,0.0
124,45,1,5,0,2,0,49,20,-1,true,130,88.24,81.19,78.33,0.0
125,48,1,5,0,2,1,27,34,49,true,132,84.0,85.31,60.31,83.33
126,5,1,5,0,2,1,34,15,44,true,132,88.75,60.58,87.14,98.75
127,36,1,5,0,2,1,44,34,30,true,132,80.21,90.75,58.42,75.91
128,6,1,5,0,2,0,30,27,-1,true,129,66.67,80.45,83.67,0.0
129,15,1,5,1,1,0,6,-1,-1,true,130,83.57,0.0,0.0,0.0
130,30,1,5,1,1,1,34,30,-1,true,131,81.82,0.0,0.0,0.0
131,1,1,5,1,1,0,35,-1,-1,true,132,84.74,0.0,0.0,0.0
132,34,1,5,2,0,0,-1,-1,-1,false,0,87.31,0.0,0.0,0.0
133,16,1,6,0,2,0,43,29,-1,true,152,80.0,83.06,81.22,0.0
134,27,1,6,0,2,0,10,6,-1,true,151,74.49,83.41,73.89,0.0
135,0,1,6,0,0,2,34,20,-1,false,0,93.24,59.5,76.67,0.0
136,35,1,6,0,2,0,20,47,-1,true,150,90.91,83.33,84.76,0.0
137,15,1,6,0,2,0,6,20,-1,true,150,82.14,79.44,86.67,0.0
138,32,1,6,0,2,0,43,44,-1,true,152,84.88,84.17,97.75,0.0
139,46,1,6,0,2,1,44,34,47,true,151,83.33,95.75,60.85,83.33
140,25,1,6,0,2,0,29,44,-1,true,150,86.96,80.82,97.75,0.0
141,42,1,6,0,2,0,30,29,-1,true,150,83.87,80.45,80.61,0.0
142,11,1,6,0,2,0,10,44,-1,true,153,87.88,81.22,96.25,0.0
143,45,1,6,0,2,1,19,34,20,true,151,91.18,82.94,60.58,81.67
144,31,1,6,0,2,0,6,19,-1,true,151,82.81,80.0,84.12,0.0
145,37,1,6,0,2,0,6,20,-1,true,152,79.17,77.22,78.33,0.0
146,12,1,6,0,2,1,30,44,20,true,153,78.12,82.27,59.79,86.67
147,1,1,6,0,2,0,6,20,-1,true,150,73.68,76.67,81.67,0.0
148,5,1,6,0,2,1,34,19,10,true,153,87.5,61.65,85.88,85.85
149,36,1,6,0,2,0,29,43,-1,true,152,82.29,79.59,79.72,0.0
150,20,1,6,1,0,0,-1,-1,-1,true,151,81.67,0.0,0.0,0.0
151,6,1,6,1,0,0,-1,-1,-1,true,152,79.44,0.0,0.0,0.0
152,43,1,6,1,0,0,-1,-1,-1,true,153,83.06,0.0,0.0,0.0
153,43,1,6,2,0,0,-1,-1,-1,false,0,83.33,0.0,0.0,0.0
154,16,1,7,0,2,0,20,24,-1,true,171,80.0,83.33,84.44,0.0
155,27,1,7,0,2,0,13,49,-1,true,174,76.53,87.14,84.05,0.0
156,29,1,7,0,2,0,1,20,-1,true,171,78.57,81.05,81.67,0.0
157,8,1,7,0,2,0,19,24,-1,true,172,88.89,84.12,85.83,0.0
158,32,1,7,0,2,0,30,15,-1,true,172,83.72,81.82,85.0,0.0
159,38,1,7,0,2,0,49,1,-1,true,173,90.0,83.81,85.79,0.0
160,11,1,7,0,2,0,20,15,-1,true,171,86.36,81.67,84.29,0.0
161,42,1,7,0,2,0,15,35,-1,true,171,87.1,83.57,84.55,0.0
162,34,1,7,0,0,2,30,35,-1,false,0,94.62,75.91,81.82,0.0
163,4,1,7,0,2,0,44,20,-1,true,173,80.0,96.5,81.67,0.0
164,39,1,7,0,2,0,35,30,-1,true,172,87.5,85.45,80.45,0.0
165,43,1,7,0,2,0,20,15,-1,true,171,80.56,80.0,86.43,0.0
166,41,1,7,0,2,0,35,19,-1,true,173,89.06,88.18,81.76,0.0
167,48,1,7,0,2,0,44,35,-1,true,174,82.0,98.0,87.27,0.0
168,7,1,7,0,0,2,35,13,-1,false,0,99.0,83.64,83.57,0.0
169,12,1,7,0,2,0,35,15,-1,true,173,78.12,89.09,88.57,0.0
170,14,1,7,0,2,0,20,44,-1,true,172,86.67,80.0,95.75,0.0
171,35,1,7,1,0,0,-1,-1,-1,true,172,86.36,0.0,0.0,0.0
172,44,1,7,1,0,0,-1,-1,-1,true,173,81.67,0.0,0.0,0.0
173,20,1,7,1,1,0,39,-1,-1,true,174,81.67,0.0,0.0,0.0
174,35,1,7,2,0,0,-1,-1,-1,false,0,86.36,0.0,0.0,0.0
175,0,1,8,0,2,1,20,13,43,true,197,90.54,75.0,85.0,81.67
176,6,1,8,0,2,0,10,16,-1,true,195,66.67,84.88,86.0,0.0
177,40,1,8,0,2,1,34,16,29,true,194,80.77,58.15,84.0,80.2
178,27,1,8,0,2,0,43,16,-1,true,194,76.53,82.78,86.0,0.0
179,22,1,8,0,2,0,16,10,-1,true,197,84.78,88.0,84.88,0.0
180,15,1,8,0,2,0,1,20,-1,true,195,82.14,80.53,85.0,0.0
181,17,1,8,0,2,0,39,42,-1,true,194,88.1,87.92,86.45,0.0
182,2,1,8,0,2,0,20,43,-1,true,196,81.82,80.0,79.44,0.0
183,38,1,8,0,2,0,29,20,-1,true,194,90.0,82.86,81.67,0.0
184,11,1,8,0,2,0,39,16,-1,true,196,86.36,84.58,84.0,0.0
185,44,1,8,0,0,2,16,10,-1,false,0,99.0,84.0,82.93,0.0
186,23,1,8,0,0,2,20,34,-1,false,0,99.0,80.0,60.04,0.0
187,30,1,8,0,2,0,13,42,-1,true,195,84.09,85.71,80.97,0.0
188,3,1,8,0,2,0,42,34,-1,true,194,66.67,84.84,60.04,0.0
189,31,1,8,0,2,0,43,20,-1,true,195,81.25,85.0,83.33,0.0
190,49,1,8,0,2,0,1,16,-1,true,196,80.95,81.05,82.0,0.0
191,41,1,8,0,2,0,1,29,-1,true,197,89.06,85.26,83.06,0.0
192,7,1,8,0,0,2,34,20,-1,false,0,99.0,59.77,78.33,0.0
193,5,1,8,0,2,0,16,29,-1,true,196,88.75,82.0,82.86,0.0
194,29,1,8,1,0,0,-1,-1,-1,true,195,83.67,0.0,0.0,0.0
195,20,1,8,1,0,0,-1,-1,-1,true,196,85.0,0.0,0.0,0.0
196,29,1,8,1,0,0,-1,-1,-1,true,197,82.45,0.0,0.0,0.0
197,10,1,8,2,0,0,-1,-1,-1,false,0,84.88,0.0,0.0,0.0
198,6,1,9,0,2,0,1,15,-1,true,215,66.67,83.68,85.71,0.0
199,40,1,9,0,2,0,20,43,-1,true,215,80.77,78.33,81.67,0.0
200,0,1,9,0,2,1,49,20,16,true,216,90.54,84.05,75.0,82.0
201,21,1,9,0,2,0,30,16,-1,true,214,78.57,82.73,86.0,0.0
202,27,1,9,0,2,1,34,20,15,true,217,76.53,60.58,81.67,87.86
203,22,1,9,0,2,1,44,34,16,true,215,84.78,96.75,58.96,84.0
204,24,1,9,0,2,0,16,35,-1,true,214,72.22,84.0,81.82,0.0
205,25,1,9,0,2,0,15,35,-1,true,214,84.78,87.86,86.36,0.0
206,4,1,9,0,2,0,35,30,-1,true,214,80.0,83.64,80.45,0.0
207,39,1,9,0,2,0,16,20,-1,true,214,85.42,84.0,80.0,0.0
208,48,1,9,0,2,1,20,34,15,true,216,82.0,78.33,60.04,85.71
209,37,1,9,0,2,0,15,30,-1,true,215,79.17,86.43,79.09,0.0
210,12,1,9,0,2,1,44,35,49,true,217,78.12,59.21,90.0,84.76
211,14,1,9,0,2,0,1,20,-1,true,216,88.33,80.53,80.0,0.0
212,5,1,9,0,2,1,34,1,30,true,217,88.75,61.38,87.37,82.27
213,36,1,9,0,2,0,44,35,-1,true,216,83.33,97.75,80.0,0.0
214,20,1,9,1,0,0,-1,-1,-1,true,215,80.0,0.0,0.0,0.0
215,30,1,9,1,1,0,30,-1,-1,true,216,79.55,0.0,0.0,0.0
216,30,1,9,1,0,0,-1,-1,-1,true,217,80.45,0.0,0.0,0.0
217,30,1,9,2,0,0,-1,-1,-1,false,0,82.73,0.0,0.0,0.0
218,35,1,10,0,2,1,34,20,16,true,239,90.91,60.04,86.67,88.0
219,21,1,10,0,2,0,10,29,-1,true,240,82.14,82.68,82.04,0.0
220,6,1,10,0,2,0,39,45,-1,true,239,69.44,83.75,88.82,0.0
221,27,1,10,0,2,0,29,42,-1,true,238,73.47,83.06,83.87,0.0
222,40,1,10,0,2,0,19,20,-1,true,240,78.85,81.76,76.67,0.0
223,24,1,10,0,2,1,20,34,39,true,241,72.22,76.67,58.96,82.08
224,8,1,10,0,2,0,16,45,-1,true,238,85.19,86.0,87.65,0.0
225,15,1,10,0,2,1,45,34,19,true,240,82.14,85.88,60.58,82.94
226,32,1,10,0,2,0,39,10,-1,true,241,83.72,85.0,83.17,0.0
227,38,1,10,0,2,0,16,20,-1,true,238,90.0,92.0,81.67,0.0
228,30,1,10,0,2,0,43,45,-1,true,240,81.82,81.67,85.88,0.0
229,3,1,10,0,2,0,42,16,-1,true,238,66.67,85.81,86.0,0.0
230,47,1,10,0,2,0,39,16,-1,true,238,85.71,79.17,84.0,0.0
231,49,1,10,0,2,1,42,34,16,true,242,80.95,82.26,58.15,78.0
232,48,1,10,0,2,0,39,16,-1,true,241,85.0,86.67,86.0,0.0
233,12,1,10,0,2,0,29,43,-1,true,239,78.12,85.31,85.56,0.0
234,1,1,10,0,2,1,19,34,45,true,242,78.95,83.53,60.31,85.88
235,36,1,10,0,2,0,16,39,-1,true,239,83.33,86.0,82.92,0.0
236,2,1,10,0,2,0,42,20,-1,true,239,78.79,79.68,76.67,0.0
237,31,1,10,0,2,1,34,16,10,true,242,82.81,59.23,88.0,84.88
238,16,1,10,1,1,1,34,43,-1,true,240,88.0,0.0,0.0,0.0
239,16,1,10,1,0,0,-1,-1,-1,true,241,88.0,0.0,0.0,0.0
240,29,1,10,1,0,0,-1,-1,-1,true,241,83.47,0.0,0.0,0.0
241,39,1,10,1,0,0,-1,-1,-1,true,242,85.42,0.0,0.0,0.0
242,34,1,10,2,0,0,-1,-1,-1,false,0,85.77,0.0,0.0,0.0
243,0,1,11,0,0,2,20,44,-1,false,0,90.54,80.0,59.5,0.0
244,16,1,11,0,2,0,1,19,-1,true,261,80.0,82.63,82.35,0.0
245,6,1,11,0,2,0,30,49,-1,true,262,72.22,80.91,84.76,0.0
246,27,1,11,0,2,0,19,30,-1,true,260,79.59,82.94,81.36,0.0
247,2,1,11,0,2,0,30,44,-1,true,260,81.82,81.36,98.0,0.0
248,15,1,11,0,2,0,29,20,-1,true,260,82.14,81.84,85.0,0.0
249,46,1,11,0,2,0,44,43,-1,true,262,83.33,97.75,82.78,0.0
250,34,1,11,0,0,2,13,19,-1,false,0,96.92,85.0,82.94,0.0
251,38,1,11,0,2,0,13,44,-1,true,261,90.0,85.0,99.5,0.0
252,25,1,11,0,2,0,49,30,-1,true,262,82.61,85.24,81.82,0.0
253,42,1,11,0,2,0,43,20,-1,true,260,87.1,83.89,80.0,0.0
254,39,1,11,0,2,0,24,43,-1,true,260,87.5,85.83,83.61,0.0
255,45,1,11,0,2,0,20,13,-1,true,263,91.18,83.33,85.0,0.0
256,41,1,11,0,2,0,1,30,-1,true,261,89.06,86.84,83.64,0.0
257,7,1,11,0,0,2,29,20,-1,false,0,99.0,84.08,80.0,0.0
258,12,1,11,0,2,0,29,24,-1,true,261,75.0,83.06,86.67,0.0
259,5,1,11,0,2,0,29,30,-1,true,262,90.0,83.47,82.27,0.0
260,29,1,11,1,0,0,-1,-1,-1,true,261,83.27,0.0,0.0,0.0
261,1,1,11,1,0,0,-1,-1,-1,true,262,84.74,0.0,0.0,0.0
262,1,1,11,1,0,0,-1,-1,-1,true,263,86.32,0.0,0.0,0.0
263,1,1,11,2,0,0,-1,-1,-1,false,0,85.26,0.0,0.0,0.0
264,16,1,12,0,2,0,19,43,-1,true,280,70.0,82.94,82.22,0.0
265,35,1,12,0,2,0,13,38,-1,true,280,90.91,85.71,84.0,0.0
266,21,1,12,0,2,0,43,19,-1,true,282,89.29,83.89,83.53,0.0
267,8,1,12,0,1,2,27,44,34,false,0,88.89,86.94,58.48,60.85
268,15,1,12,0,2,0,24,19,-1,true,280,82.14,84.72,82.94,0.0
269,20,1,12,0,2,0,42,44,-1,true,281,83.33,85.16,97.75,0.0
270,9,1,12,0,0,2,44,34,-1,false,0,92.31,58.92,61.12,0.0
271,46,1,12,0,2,1,34,42,24,true,281,83.33,60.04,86.13,86.11
272,11,1,12,0,2,0,38,27,-1,true,280,87.88,86.0,86.33,0.0
273,30,1,12,0,2,0,29,38,-1,true,280,81.82,83.47,88.0,0.0
274,47,1,12,0,2,0,29,44,-1,true,282,89.29,82.04,98.0,0.0
275,49,1,12,0,2,1,44,34,42,true,281,83.33,96.5,58.69,82.9
276,41,1,12,0,2,1,38,34,19,true,282,89.06,86.0,60.58,83.53
277,1,1,12,0,2,0,29,13,-1,true,282,81.58,82.04,85.0,0.0
278,31,1,12,0,2,0,24,13,-1,true,283,84.38,85.56,85.0,0.0
279,36,1,12,0,2,0,27,42,-1,true,281,85.42,86.73,85.48,0.0
280,43,1,12,1,0,0,-1,-1,-1,true,281,83.33,0.0,0.0,0.0
281,43,1,12,1,0,0,-1,-1,-1,true,282,82.78,0.0,0.0,0.0
282,43,1,12,1,0,0,-1,-1,-1,true,283,83.61,0.0,0.0,0.0
283,43,1,12,2,0,0,-1,-1,-1,false,0,84.72,0.0,0.0,0.0
284,21,1,13,0,2,0,19,35,-1,true,305,89.29,84.12,86.36,0.0
285,6,1,13,0,2,0,27,41,-1,true,304,72.22,87.55,86.56,0.0
286,24,1,13,0,2,1,30,34,35,true,306,73.61,77.73,60.04,82.73
287,2,1,13,0,2,0,35,27,-1,true,304,81.82,85.45,85.92,0.0
288,32,1,13,0,2,1,19,34,27,true,307,84.88,85.88,60.58,87.76
289,38,1,13,0,2,1,44,35,27,true,305,90.0,58.92,84.55,87.35
290,17,1,13,0,2,0,35,30,-1,true,305,88.1,86.36,81.82,0.0
291,42,1,13,0,2,0,10,19,-1,true,307,85.48,84.63,84.12,0.0
292,11,1,13,0,2,1,27,44,1,true,307,92.42,86.94,58.62,85.79
293,23,1,13,0,0,2,35,34,-1,false,0,99.0,87.27,60.31,0.0
294,4,1,13,0,2,0,1,44,-1,true,304,90.0,86.84,99.25,0.0
295,39,1,13,0,2,0,43,35,-1,true,304,87.5,83.61,85.45,0.0
296,3,1,13,0,2,0,30,35,-1,true,304,66.67,82.73,87.27,0.0
297,47,1,13,0,2,0,27,10,-1,true,308,89.29,86.94,83.17,0.0
298,49,1,13,0,2,0,30,41,-1,true,306,84.52,80.91,85.0,0.0
299,7,1,13,0,0,2,1,34,-1,false,0,99.0,86.84,61.38,0.0
300,37,1,13,0,2,1,34,43,19,true,306,83.33,60.58,83.33,83.53
301,14,1,13,0,2,0,27,44,-1,true,306,86.67,86.94,98.25,0.0
302,5,1,13,0,2,0,10,30,-1,true,307,90.0,85.37,81.82,0.0
303,36,1,13,0,2,0,35,27,-1,true,305,86.46,83.64,86.94,0.0
304,44,1,13,1,0,0,-1,-1,-1,true,305,83.33,0.0,0.0,0.0
305,27,1,13,1,0,0,-1,-1,-1,true,306,87.35,0.0,0.0,0.0
306,44,1,13,1,0,2,10,20,-1,true,307,82.29,0.0,0.0,0.0
307,34,1,13,1,0,0,-1,-1,-1,true,308,86.54,0.0,0.0,0.0
308,34,1,13,2,0,0,-1,-1,-1,false,0,86.54,0.0,0.0,0.0
309,35,1,14,0,2,0,29,30,-1,true,329,90.91,83.27,81.36,0.0
310,0,1,14,0,2,0,43,47,-1,true,329,90.54,83.33,85.0,0.0
311,27,1,14,0,2,0,1,43,-1,true,329,79.59,85.79,83.06,0.0
312,16,1,14,0,2,0,10,20,-1,true,329,80.0,84.39,81.67,0.0
313,21,1,14,0,0,2,30,20,-1,false,0,92.86,82.27,81.67,0.0
314,22,1,14,0,2,0,47,20,-1,true,329,85.87,84.76,81.67,0.0
315,15,1,14,0,2,1,34,29,1,true,330,85.71,60.31,83.47,85.26
316,25,1,14,0,2,0,20,30,-1,true,332,86.96,81.67,82.27,0.0
317,42,1,14,0,2,1,34,29,1,true,332,87.1,60.58,83.27,85.26
318,11,1,14,0,2,0,30,29,-1,true,330,84.85,82.27,83.06,0.0
319,44,1,14,0,0,2,32,29,-1,false,0,98.75,85.58,83.27,0.0
320,38,1,14,0,2,0,49,43,-1,true,331,90.0,85.24,83.33,0.0
321,4,1,14,0,2,0,47,10,-1,true,332,90.0,85.0,84.15,0.0
322,39,1,14,0,2,0,32,20,-1,true,331,87.5,85.58,81.67,0.0
323,45,1,14,0,2,0,10,49,-1,true,332,91.18,84.39,85.24,0.0
324,41,1,14,0,2,1,20,34,47,true,330,87.5,81.67,60.58,85.0
325,48,1,14,0,2,1,34,32,30,true,331,81.0,60.58,85.58,82.27
326,7,1,14,0,0,2,1,20,-1,false,0,99.0,85.79,81.67,0.0
327,14,1,14,0,2,0,30,49,-1,true,331,88.33,80.91,85.24,0.0
328,36,1,14,0,2,0,29,20,-1,true,330,84.38,83.27,81.67,0.0
329,30,1,14,1,0,0,-1,-1,-1,true,330,81.36,0.0,0.0,0.0
330,29,1,14,1,0,0,-1,-1,-1,true,331,83.27,0.0,0.0,0.0
331,30,1,14,1,0,0,-1,-1,-1,true,332,80.91,0.0,0.0,0.0
332,29,1,14,2,0,0,-1,-1,-1,false,0,83.27,0.0,0.0,0.0
333,35,1,15,0,2,0,13,16,-1,true,355,90.91,85.71,86.0,0.0
334,0,1,15,0,2,0,43,29,-1,true,352,90.54,83.33,83.27,0.0
335,15,1,15,0,2,0,1,16,-1,true,352,85.71,85.26,86.0,0.0
336,25,1,15,0,2,0,47,20,-1,true,353,86.96,85.0,81.67,0.0
337,46,1,15,0,2,0,20,16,-1,true,352,83.33,81.67,86.0,0.0
338,11,1,15,0,2,0,29,16,-1,true,353,84.85,83.06,86.0,0.0
339,38,1,15,0,2,0,39,16,-1,true,353,90.0,87.08,86.0,0.0
340,30,1,15,0,2,0,16,20,-1,true,353,84.09,86.0,81.67,0.0
341,31,1,15,0,2,0,39,47,-1,true,354,84.38,86.67,85.0,0.0
342,49,1,15,0,2,0,1,39,-1,true,354,88.1,85.79,86.67,0.0
343,41,1,15,0,2,0,24,10,-1,true,355,87.5,86.11,84.15,0.0
344,48,1,15,0,2,0,47,20,-1,true,352,81.0,84.76,81.67,0.0
345,7,1,15,0,0,2,1,20,-1,false,0,99.0,86.32,81.67,0.0
346,37,1,15,0,2,0,39,20,-1,true,353,83.33,86.25,81.67,0.0
347,12,1,15,0,2,0,16,20,-1,true,354,78.12,86.0,81.67,0.0
348,5,1,15,0,2,0,29,47,-1,true,355,87.5,83.27,85.0,0.0
349,22,1,15,0,2,0,24,43,-1,true,352,84.78,86.11,83.06,0.0
350,42,1,15,0,2,0,39,24,-1,true,355,87.1,86.67,86.11,0.0
351,36,1,15,0,2,0,20,43,-1,true,355,84.38,81.67,83.33,0.0
352,43,1,15,1,0,0,-1,-1,-1,true,354,83.33,0.0,0.0,0.0
353,13,1,15,1,0,0,-1,-1,-1,true,354,86.43,0.0,0.0,0.0
354,13,1,15,1,0,0,-1,-1,-1,true,356,85.71,0.0,0.0,0.0
355,43,1,15,1,0,0,-1,-1,-1,true,356,83.33,0.0,0.0,0.0
356,13,1,15,2,0,0,-1,-1,-1,false,0,85.71,0.0,0.0,0.0
357,6,1,16,0,2,0,10,42,-1,true,378,77.78,84.39,86.77,0.0
358,27,1,16,0,2,0,42,20,-1,true,376,79.59,86.45,81.67,0.0
359,0,1,16,0,2,0,19,42,-1,true,376,89.19,84.12,86.13,0.0
360,29,1,16,0,2,0,16,42,-1,true,376,81.63,86.0,86.13,0.0
361,23,1,16,0,0,2,16,19,-1,false,0,99.0,86.0,84.71,0.0
362,4,1,16,0,2,0,14,13,-1,true,377,90.0,81.67,85.71,0.0
363,11,1,16,0,2,1,44,20,42,true,378,86.36,58.48,81.67,86.13
364,26,1,16,0,0,2,20,44,-1,false,0,99.0,81.67,58.33,0.0
365,39,1,16,0,2,1,43,44,20,true,377,87.5,83.61,58.48,81.67
366,31,1,16,0,2,0,16,20,-1,true,376,84.38,86.0,81.67,0.0
367,48,1,16,0,2,0,19,10,-1,true,379,81.0,84.12,84.39,0.0
368,7,1,16,0,0,2,43,16,-1,false,0,99.0,84.44,86.0,0.0
369,37,1,16,0,2,0,16,20,-1,true,376,83.33,86.0,81.67,0.0
370,1,1,16,0,2,0,16,19,-1,true,378,81.58,86.0,84.12,0.0
371,36,1,16,0,2,0,16,14,-1,true,377,85.42,86.0,82.0,0.0
372,22,1,16,0,2,0,13,49,-1,true,378,84.78,86.43,85.48,0.0
373,24,1,16,0,2,0,42,43,-1,true,377,77.78,86.77,83.33,0.0
374,15,1,16,0,2,0,49,10,-1,true,377,85.71,85.24,84.15,0.0
375,34,1,16,0,0,2,42,13,-1,false,0,99.0,86.13,85.71,0.0
376,20,1,16,1,0,0,-1,-1,-1,true,378,81.67,0.0,0.0,0.0
377,42,1,16,1,0,0,-1,-1,-1,true,379,86.77,0.0,0.0,0.0
378,49,1,16,1,0,0,-1,-1,-1,true,379,85.24,0.0,0.0,0.0
379,10,1,16,2,0,0,-1,-1,-1,false,0,84.39,0.0,0.0,0.0
380,35,1,17,0,2,1,34,16,3,true,399,90.91,60.58,86.0,83.33
381,0,1,17,0,1,2,44,3,34,false,0,90.54,58.33,83.33,60.58
382,27,1,17,0,2,0,49,3,-1,true,398,79.59,85.48,81.67,0.0
383,24,1,17,0,2,0,20,16,-1,true,397,77.78,81.67,86.0,0.0
384,8,1,17,0,0,2,6,34,-1,false,0,87.04,76.67,60.58,0.0
385,32,1,17,0,2,0,3,43,-1,true,399,86.05,81.67,83.33,0.0
386,29,1,17,0,2,0,16,6,-1,true,398,82.65,86.0,77.22,0.0
387,15,1,17,0,2,0,30,6,-1,true,397,85.71,80.91,76.67,0.0
388,38,1,17,0,2,0,19,20,-1,true,397,90.0,84.12,81.67,0.0
389,42,1,17,0,2,0,43,30,-1,true,397,87.1,83.61,82.73,0.0
390,23,1,17,0,0,2,20,44,-1,false,0,99.0,81.67,58.19,0.0
391,37,1,17,0,2,1,30,34,20,true,398,83.33,81.36,60.58,81.67
392,14,1,17,0,2,0,19,30,-1,true,399,86.67,84.12,81.36,0.0
393,36,1,17,0,2,0,44,16,-1,true,398,86.46,98.75,86.0,0.0
394,21,1,17,0,2,1,3,34,19,true,399,85.71,83.33,60.58,84.12
395,4,1,17,0,2,0,16,3,-1,true,397,90.0,86.0,83.33,0.0
396,7,1,17,0,0,2,16,49,-1,false,0,99.0,86.0,85.48,0.0
397,30,1,17,1,0,0,-1,-1,-1,true,398,81.36,0.0,0.0,0.0
398,44,1,17,1,1,2,20,29,-1,true,399,82.5,0.0,0.0,0.0
399,34,1,17,2,0,0,-1,-1,-1,false,0,86.54,0.0,0.0,0.0
400,16,1,18,0,2,1,34,35,20,true,419,80.0,60.58,86.36,81.67
401,27,1,18,0,2,0,20,38,-1,true,419,80.61,81.67,84.0,0.0
402,22,1,18,0,2,0,38,35,-1,true,420,84.78,82.0,86.36,0.0
403,24,1,18,0,2,0,6,20,-1,true,421,77.78,76.67,81.67,0.0
404,29,1,18,0,2,1,13,34,20,true,422,81.63,85.71,60.58,81.67
405,32,1,18,0,2,1,6,38,30,true,421,87.21,76.67,86.0,82.27
406,46,1,18,0,2,0,43,38,-1,true,421,83.33,83.33,82.0,0.0
407,9,1,18,0,2,0,13,49,-1,true,422,92.31,85.71,85.48,0.0
408,42,1,18,0,1,2,1,34,6,false,0,87.1,85.79,60.58,76.67
409,11,1,18,0,2,0,6,38,-1,true,421,84.85,76.67,82.0,0.0
410,4,1,18,0,2,1,30,34,35,true,420,90.0,82.27,60.58,85.45
411,23,1,18,0,0,2,1,20,-1,false,0,99.0,85.79,81.67,0.0
412,3,1,18,0,2,0,35,6,-1,true,419,66.67,86.36,76.67,0.0
413,19,1,18,0,2,0,30,6,-1,true,419,85.29,82.27,76.67,0.0
414,48,1,18,0,2,0,35,20,-1,true,419,81.0,86.36,81.67,0.0
415,12,1,18,0,2,0,38,43,-1,true,420,75.0,84.0,83.33,0.0
416,5,1,18,0,2,0,20,30,-1,true,422,87.5,81.67,82.27,0.0
417,15,1,18,0,2,0,49,38,-1,true,420,85.71,85.24,82.0,0.0
418,39,1,18,0,2,1,6,20,43,true,422,87.5,76.67,81.67,83.33
419,20,1,18,1,1,0,39,-1,-1,true,420,81.67,0.0,0.0,0.0
420,34,1,18,1,0,2,47,16,-1,true,421,86.54,0.0,0.0,0.0
421,34,1,18,1,0,0,-1,-1,-1,true,422,86.54,0.0,0.0,0.0
422,34,1,18,2,0,0,-1,-1,-1,false,0,86.54,0.0,0.0,0.0
423,35,1,19,0,2,1,34,49,29,true,444,90.91,60.58,85.48,83.27
424,0,1,19,0,2,0,29,39,-1,true,442,90.54,83.27,86.25,0.0
425,16,1,19,0,2,0,19,20,-1,true,441,80.0,84.12,81.67,0.0
426,8,1,19,0,2,0,49,30,-1,true,443,87.04,85.48,82.27,0.0
427,17,1,19,0,2,1,10,34,20,true,442,88.1,84.39,60.58,81.67
428,42,1,19,0,2,0,43,30,-1,true,441,87.1,83.33,82.27,0.0
429,38,1,19,0,2,0,1,20,-1,true,441,90.0,85.79,81.67,0.0
430,23,1,19,0,0,2,29,30,-1,false,0,99.0,83.27,82.27,0.0
431,44,1,19,0,0,2,30,19,-1,false,0,99.0,82.27,84.12,0.0
432,26,1,19,0,0,2,30,20,-1,false,0,99.0,82.27,81.67,0.0
433,3,1,19,0,2,0,20,34,-1,true,441,66.67,81.67,60.58,0.0
434,45,1,19,0,2,0,49,20,-1,true,441,91.18,85.48,81.67,0.0
435,47,1,19,0,2,1,10,34,19,true,443,88.1,84.39,60.58,84.12
436,41,1,19,0,2,0,19,20,-1,true,443,87.5,84.12,81.67,0.0
437,48,1,19,0,2,0,29,39,-1,true,442,81.0,83.27,86.25,0.0
438,7,1,19,0,0,2,1,34,-1,false,0,99.0,85.79,60.58,0.0
439,37,1,19,0,2,1,30,34,1,true,443,83.33,82.27,60.58,85.79
440,36,1,19,0,2,0,43,29,-1,true,442,84.38,83.33,83.27,0.0
441,20,1,19,1,0,0,-1,-1,-1,true,442,81.67,0.0,0.0,0.0
442,29,1,19,1,0,0,-1,-1,-1,true,443,83.27,0.0,0.0,0.0
443,34,1,19,1,0,0,-1,-1,-1,true,444,86.54,0.0,0.0,0.0
444,34,1,19,2,0,0,-1,-1,-1,false,0,86.54,0.0,0.0,0.0
445,21,1,20,0,2,0,16,30,-1,true,461,89.29,86.0,82.27,0.0
446,27,1,20,0,2,0,35,6,-1,true,461,80.61,86.36,76.67,0.0
447,20,1,20,0,2,0,6,18,-1,true,462,83.33,76.67,85.6,0.0
448,8,1,20,0,2,0,16,29,-1,true,461,87.04,86.0,83.27,0.0
449,38,1,20,0,2,0,29,16,-1,true,463,90.0,83.27,86.0,0.0
450,46,1,20,0,2,0,1,19,-1,true,463,83.33,85.79,84.12,0.0
451,42,1,20,0,2,1,16,6,35,true,463,87.1,86.0,76.67,86.36
452,11,1,20,0,2,1,34,30,35,true,462,84.85,60.58,82.27,86.36
453,4,1,20,0,2,1,47,34,16,true,462,90.0,84.76,60.58,86.0
454,26,1,20,0,0,2,19,16,-1,false,0,99.0,84.12,86.0,0.0
455,43,1,20,0,2,0,16,47,-1,true,462,87.5,86.0,84.76,0.0
456,49,1,20,0,2,0,1,16,-1,true,464,88.1,85.79,86.0,0.0
457,48,1,20,0,2,0,35,6,-1,true,461,81.0,86.36,76.67,0.0
458,7,1,20,0,0,2,6,30,-1,false,0,99.0,76.67,82.27,0.0
459,37,1,20,0,2,0,35,6,-1,true,461,83.33,86.36,76.67,0.0
460,14,1,20,0,2,0,35,29,-1,true,463,88.33,86.36,83.27,0.0
461,16,1,20,1,0,0,-1,-1,-1,true,462,86.0,0.0,0.0,0.0
462,16,1,20,1,0,0,-1,-1,-1,true,463,86.0,0.0,0.0,0.0
463,16,1,20,1,0,0,-1,-1,-1,true,464,86.0,0.0,0.0,0.0
464,16,1,20,2,0,0,-1,-1,-1,false,0,86.0,0.0,0.0,0.0
465,21,1,21,0,2,0,16,10,-1,true,484,89.29,86.0,84.39,0.0
466,22,1,21,0,2,1,1,34,30,true,484,84.78,85.79,60.58,82.27
467,35,1,21,0,2,1,47,34,30,true,483,90.91,84.76,60.58,82.27
468,8,1,21,0,2,1,6,16,27,true,484,87.04,76.67,86.0,87.35
469,24,1,21,0,2,0,10,16,-1,true,486,76.39,84.39,86.0,0.0
470,32,1,21,0,2,0,27,1,-1,true,485,87.21,87.35,85.79,0.0
471,20,1,21,0,2,0,30,27,-1,true,483,83.33,82.27,87.35,0.0
472,25,1,21,0,2,1,34,30,29,true,485,86.96,60.58,82.27,83.27
473,46,1,21,0,2,0,18,47,-1,true,484,83.33,85.6,84.76,0.0
474,44,1,21,0,0,2,29,6,-1,false,0,99.0,83.27,76.67,0.0
475,3,1,21,0,2,0,27,6,-1,true,483,66.67,87.35,76.67,0.0
476,45,1,21,0,2,0,16,18,-1,true,485,91.18,86.0,85.6,0.0
477,19,1,21,0,2,1,34,1,47,true,486,85.29,60.58,85.79,84.76
478,48,1,21,0,2,0,16,29,-1,true,483,81.0,86.0,83.27,0.0
479,41,1,21,0,2,0,16,27,-1,true,483,87.5,86.0,87.35,0.0
480,12,1,21,0,2,0,16,47,-1,true,485,75.0,86.0,84.76,0.0
481,14,1,21,0,2,0,30,16,-1,true,486,88.33,82.27,86.0,0.0
482,31,1,21,0,2,1,16,34,18,true,486,84.38,86.0,60.58,85.6
483,16,1,21,1,0,0,-1,-1,-1,true,484,86.0,0.0,0.0,0.0
484,27,1,21,1,0,0,-1,-1,-1,true,485,87.35,0.0,0.0,0.0
485,47,1,21,1,0,0,-1,-1,-1,true,486,84.76,0.0,0.0,0.0
486,16,1,21,2,0,0,-1,-1,-1,false,0,86.0,0.0,0.0,0.0
487,35,1,22,0,2,0,19,16,-1,true,503,90.91,84.12,86.0,0.0
488,8,1,22,0,2,0,13,27,-1,true,504,87.04,85.71,87.35,0.0
489,32,1,22,0,2,0,19,16,-1,true,504,87.21,84.12,86.0,0.0
490,9,1,22,0,2,0,1,27,-1,true,503,92.31,85.79,87.35,0.0
491,46,1,22,0,2,0,27,30,-1,true,504,83.33,87.35,82.27,0.0
492,38,1,22,0,2,0,30,16,-1,true,503,90.0,82.27,86.0,0.0
493,42,1,22,0,2,1,29,34,16,true,505,87.1,83.27,60.58,86.0
494,44,1,22,0,0,2,16,49,-1,false,0,99.0,86.0,85.48,0.0
495,25,1,22,0,2,1,49,34,43,true,505,86.96,85.48,60.58,83.33
496,26,1,22,0,0,2,34,29,-1,false,0,99.0,60.58,83.27,0.0
497,39,1,22,0,2,0,43,30,-1,true,504,87.5,83.33,82.27,0.0
498,47,1,22,0,2,0,27,29,-1,true,503,88.1,87.35,83.27,0.0
499,48,1,22,0,2,0,27,16,-1,true,503,81.0,87.35,86.0,0.0
500,41,1,22,0,2,0,43,19,-1,true,505,87.5,83.33,84.12,0.0
501,37,1,22,0,2,0,30,27,-1,true,505,83.33,82.27,87.35,0.0
502,14,1,22,0,2,0,30,1,-1,true,506,88.33,82.27,85.79,0.0
503,1,1,22,1,0,0,-1,-1,-1,true,504,85.79,0.0,0.0,0.0
504,34,1,22,1,0,0,-1,-1,-1,true,505,86.54,0.0,0.0,0.0
505,19,1,22,1,0,0,-1,-1,-1,true,506,84.12,0.0,0.0,0.0
506,19,1,22,2,0,0,-1,-1,-1,false,0,84.12,0.0,0.0,0.0
507,6,1,23,0,2,0,49,27,-1,true,523,77.78,85.48,87.35,0.0
508,22,1,23,0,2,0,35,16,-1,true,524,84.78,86.36,86.0,0.0
509,24,1,23,0,2,0,20,29,-1,true,523,76.39,81.67,83.27,0.0
510,9,1,23,0,1,2,16,20,30,false,0,92.31,86.0,81.67,82.27
511,32,1,23,0,2,0,27,1,-1,true,525,87.21,87.35,85.79,0.0
512,38,1,23,0,2,0,1,30,-1,true,523,90.0,85.79,82.27,0.0
513,46,1,23,0,2,0,30,35,-1,true,524,83.33,82.27,86.36,0.0
514,42,1,23,0,2,0,27,16,-1,true,524,87.1,87.35,86.0,0.0
515,44,1,23,0,0,2,34,35,-1,false,0,99.0,60.58,86.36,0.0
516,23,1,23,0,0,2,35,27,-1,false,0,99.0,86.36,87.35,0.0
517,47,1,23,0,2,0,19,20,-1,true,523,88.1,84.12,81.67,0.0
518,31,1,23,0,2,1,34,16,20,true,523,84.38,60.58,86.0,81.67
519,48,1,23,0,2,0,16,20,-1,true,524,81.0,86.0,81.67,0.0
520,41,1,23,0,2,0,16,35,-1,true,524,87.5,86.0,86.36,0.0
521,7,1,23,0,0,2,16,35,-1,false,0,99.0,86.0,86.36,0.0
522,12,1,23,0,2,0,30,20,-1,true,525,75.0,82.27,81.67,0.0
523,20,1,23,1,1,0,1,-1,-1,true,525,81.67,0.0,0.0,0.0
524,49,1,23,1,0,0,-1,-1,-1,true,525,85.48,0.0,0.0,0.0
525,20,1,23,2,0,0,-1,-1,-1,false,0,81.67,0.0,0.0,0.0
526,35,1,24,0,2,0,1,19,-1,true,543,90.91,85.79,84.12,0.0
527,27,1,24,0,2,0,49,3,-1,true,542,80.61,85.48,83.33,0.0
528,40,1,24,0,2,0,32,3,-1,true,544,80.77,85.58,83.33,0.0
529,20,1,24,0,2,0,24,3,-1,true,542,83.33,86.11,83.33,0.0
530,8,1,24,0,2,1,16,6,19,true,544,87.04,86.0,76.67,84.12
531,9,1,24,0,2,1,3,30,1,true,544,92.31,83.33,82.27,85.79
532,38,1,24,0,2,0,30,16,-1,true,542,90.0,82.27,86.0,0.0
533,23,1,24,0,0,2,6,3,-1,false,0,99.0,76.67,83.33,0.0
534,26,1,24,0,0,2,19,29,-1,false,0,99.0,84.12,83.27,0.0
535,43,1,24,0,2,0,24,32,-1,true,545,87.5,86.11,85.58,0.0
536,31,1,24,0,2,0,6,32,-1,true,543,84.38,76.67,85.58,0.0
537,41,1,24,0,2,1,16,6,49,true,544,87.5,86.0,76.67,85.48
538,37,1,24,0,2,0,30,1,-1,true,543,83.33,82.27,85.79,0.0
539,14,1,24,0,2,0,30,16,-1,true,542,88.33,82.27,86.0,0.0
540,36,1,24,0,2,0,16,6,-1,true,542,84.38,86.0,76.67,0.0
541,17,1,24,0,2,1,29,6,24,true,543,88.1,83.27,76.67,86.11
542,3,1,24,1,0,0,-1,-1,-1,true,543,83.33,0.0,0.0,0.0
543,30,1,24,1,1,0,30,-1,-1,true,544,82.27,0.0,0.0,0.0
544,1,1,24,1,0,0,-1,-1,-1,true,545,85.79,0.0,0.0,0.0
545,1,1,24,2,0,0,-1,-1,-1,false,0,85.79,0.0,0.0,0.0
546,35,1,25,0,2,1,34,30,1,true,568,90.91,60.58,82.27,85.79
547,6,1,25,0,2,0,19,30,-1,true,565,77.78,84.12,82.27,0.0
548,16,1,25,0,2,0,10,30,-1,true,566,80.0,84.39,82.27,0.0
549,21,1,25,0,2,0,1,24,-1,true,565,89.29,85.79,86.11,0.0
550,22,1,25,0,2,0,49,24,-1,true,566,84.78,85.48,86.11,0.0
551,0,1,25,0,2,0,24,43,-1,true,565,90.54,86.11,83.33,0.0
552,27,1,25,0,2,1,30,34,47,true,566,80.61,82.27,60.58,84.76
553,2,1,25,0,2,1,10,34,30,true,568,81.82,84.39,60.58,82.27
554,15,1,25,0,2,0,43,19,-1,true,565,85.71,83.33,84.12,0.0
555,9,1,25,0,2,0,47,19,-1,true,566,92.31,84.76,84.12,0.0
556,3,1,25,0,2,0,13,19,-1,true,568,66.67,85.71,84.12,0.0
557,39,1,25,0,2,0,10,19,-1,true,567,87.5,84.39,84.12,0.0
558,48,1,25,0,2,0,47,49,-1,true,565,81.0,84.76,85.48,0.0
559,7,1,25,0,0,2,30,34,-1,false,0,99.0,82.27,60.58,0.0
560,12,1,25,0,2,1,30,34,47,true,568,75.0,82.27,60.58,84.76
561,5,1,25,0,2,1,13,34,30,true,567,87.5,85.71,60.58,82.27
562,36,1,25,0,2,1,34,47,24,true,567,84.38,60.58,84.76,86.11
563,29,1,25,0,2,0,47,1,-1,true,566,81.63,84.76,85.79,0.0
564,44,1,25,0,0,2,43,34,-1,false,0,99.0,83.33,60.58,0.0
565,49,1,25,1,0,0,-1,-1,-1,true,567,85.48,0.0,0.0,0.0
566,1,1,25,1,0,0,-1,-1,-1,true,567,85.79,0.0,0.0,0.0
567,10,1,25,1,0,0,-1,-1,-1,true,568,84.39,0.0,0.0,0.0
568,10,1,25,2,0,0,-1,-1,-1,false,0,84.39,0.0,0.0,0.0
569,27,1,26,0,2,0,13,42,-1,true,589,80.61,85.71,86.45,0.0
570,22,1,26,0,2,0,37,47,-1,true,590,84.78,84.17,84.76,0.0
571,6,1,26,0,2,0,16,19,-1,true,588,77.78,86.0,84.12,0.0
572,35,1,26,0,2,1,47,34,19,true,589,90.91,84.76,60.58,84.12
573,0,1,26,0,2,1,20,34,16,true,590,90.54,81.67,60.58,86.0
574,32,1,26,0,2,1,16,34,24,true,591,87.21,86.0,60.58,86.11
575,8,1,26,0,2,0,49,47,-1,true,591,87.04,85.48,84.76,0.0
576,15,1,26,0,2,0,24,37,-1,true,588,85.71,86.11,84.17,0.0
577,2,1,26,0,2,0,16,47,-1,true,588,81.82,86.0,84.76,0.0
578,38,1,26,0,2,0,49,47,-1,true,589,90.0,85.48,84.76,0.0
579,44,1,26,0,0,2,42,24,-1,false,0,99.0,86.45,86.11,0.0
580,30,1,26,0,2,0,16,20,-1,true,589,86.36,86.0,81.67,0.0
581,43,1,26,0,2,0,16,20,-1,true,588,87.5,86.0,81.67,0.0
582,31,1,26,0,2,0,24,37,-1,true,590,84.38,86.11,84.17,0.0
583,41,1,26,0,2,0,20,16,-1,true,590,87.5,81.67,86.0,0.0
584,7,1,26,0,0,2,20,13,-1,false,0,99.0,81.67,85.71,0.0
585,1,1,26,0,2,0,42,16,-1,true,588,81.58,86.13,86.0,0.0
586,29,1,26,0,2,0,16,49,-1,true,591,81.63,86.0,85.48,0.0
587,9,1,26,0,0,2,34,20,-1,false,0,92.31,60.58,81.67,0.0
588,16,1,26,1,0,0,-1,-1,-1,true,589,86.0,0.0,0.0,0.0
589,16,1,26,1,1,0,30,-1,-1,true,590,86.0,0.0,0.0,0.0
590,16,1,26,1,0,0,-1,-1,-1,true,591,86.0,0.0,0.0,0.0
591,16,1,26,2,0,0,-1,-1,-1,false,0,86.0,0.0,0.0,0.0
592,0,1,27,0,2,0,1,42,-1,true,610,90.54,85.79,86.45,0.0
593,21,1,27,0,2,0,16,42,-1,true,609,89.29,86.0,86.45,0.0
594,22,1,27,0,2,1,13,44,15,true,611,84.78,85.71,58.19,86.43
595,29,1,27,0,2,1,44,47,13,true,611,81.63,58.19,84.76,85.71
596,32,1,27,0,2,1,44,15,16,true,610,87.21,58.19,86.43,86.0
597,2,1,27,0,2,0,43,16,-1,true,609,81.82,83.33,86.0,0.0
598,38,1,27,0,2,0,47,42,-1,true,611,90.0,84.76,86.45,0.0
599,34,1,27,0,0,2,16,20,-1,false,0,99.0,86.0,81.67,0.0
600,23,1,27,0,0,2,15,42,-1,false,0,99.0,86.43,86.45,0.0
601,31,1,27,0,2,0,15,43,-1,true,610,84.38,86.43,83.33,0.0
602,49,1,27,0,2,0,1,16,-1,true,611,88.1,85.79,86.0,0.0
603,48,1,27,0,2,0,16,20,-1,true,609,81.0,86.0,81.67,0.0
604,41,1,27,0,2,0,1,16,-1,true,612,87.5,85.79,86.0,0.0
605,37,1,27,0,2,0,30,16,-1,true,609,83.33,82.27,86.0,0.0
606,12,1,27,0,2,0,30,42,-1,true,611,75.0,82.27,86.45,0.0
607,14,1,27,0,2,0,30,47,-1,true,610,88.33,82.27,84.76,0.0
608,27,1,27,0,2,0,30,16,-1,true,609,80.61,82.27,86.0,0.0
609,16,1,27,1,1,0,30,-1,-1,true,610,86.0,0.0,0.0,0.0
610,47,1,27,1,0,0,-1,-1,-1,true,612,84.76,0.0,0.0,0.0
611,16,1,27,1,0,0,-1,-1,-1,true,612,86.0,0.0,0.0,0.0
612,16,1,27,2,0,0,-1,-1,-1,false,0,86.0,0.0,0.0,0.0
613,16,1,28,0,2,0,20,1,-1,true,631,80.0,81.67,85.79,0.0
614,40,1,28,0,2,0,19,20,-1,true,631,80.77,84.12,81.67,0.0
615,35,1,28,0,2,0,49,19,-1,true,631,90.91,85.48,84.12,0.0
616,27,1,28,0,2,0,43,30,-1,true,633,80.61,83.33,82.27,0.0
617,32,1,28,0,2,1,34,49,42,true,632,87.21,60.58,85.48,86.45
618,38,1,28,0,2,0,29,20,-1,true,631,90.0,83.27,81.67,0.0
619,11,1,28,0,2,0,42,13,-1,true,634,84.85,86.13,85.71,0.0
620,44,1,28,0,0,2,20,42,-1,false,0,99.0,81.67,86.45,0.0
621,4,1,28,0,2,0,42,43,-1,true,632,90.0,86.13,83.33,0.0
622,39,1,28,0,2,1,13,34,43,true,633,87.5,85.71,60.58,83.33
623,3,1,28,0,2,0,30,29,-1,true,631,66.67,82.27,83.27,0.0
624,45,1,28,0,2,1,34,29,20,true,633,91.18,60.58,83.27,81.67
625,47,1,28,0,2,0,20,42,-1,true,633,88.1,81.67,86.45,0.0
626,41,1,28,0,2,0,43,20,-1,true,633,87.5,83.33,81.67,0.0
627,7,1,28,0,0,2,20,13,-1,false,0,99.0,81.67,85.71,0.0
628,37,1,28,0,2,0,1,20,-1,true,632,83.33,85.79,81.67,0.0
629,5,1,28,0,2,1,30,34,29,true,632,87.5,82.27,60.58,83.27
630,36,1,28,0,2,0,29,19,-1,true,634,84.38,83.27,84.12,0.0
631,19,1,28,1,0,0,-1,-1,-1,true,632,84.12,0.0,0.0,0.0
632,20,1,28,1,0,0,-1,-1,-1,true,634,81.67,0.0,0.0,0.0
633,49,1,28,1,0,0,-1,-1,-1,true,634,85.48,0.0,0.0,0.0
634,20,1,28,2,0,0,-1,-1,-1,false,0,81.67,0.0,0.0,0.0
635,21,1,29,0,2,0,15,30,-1,true,654,89.29,86.43,82.27,0.0
636,35,1,29,0,2,0,13,20,-1,true,653,90.91,85.71,81.67,0.0
637,0,1,29,0,2,0,20,13,-1,true,656,90.54,81.67,85.71,0.0
638,22,1,29,0,2,0,19,24,-1,true,653,84.78,84.12,86.11,0.0
639,16,1,29,0,2,1,44,20,15,true,653,80.0,58.19,81.67,86.43
640,27,1,29,0,2,1,30,44,20,true,655,79.59,82.27,58.19,81.67
641,29,1,29,0,2,0,15,20,-1,true,654,81.63,86.43,81.67,0.0
642,9,1,29,0,2,0,1,15,-1,true,653,92.31,85.79,86.43,0.0
643,38,1,29,0,2,0,49,20,-1,true,655,90.0,85.48,81.67,0.0
644,25,1,29,0,2,0,24,43,-1,true,653,86.96,86.11,83.33,0.0
645,42,1,29,0,2,0,1,15,-1,true,655,87.1,85.79,86.43,0.0
646,26,1,29,0,0,2,43,19,-1,false,0,99.0,83.33,84.12,0.0
647,23,1,29,0,0,2,43,15,-1,false,0,99.0,83.33,86.43,0.0
648,3,1,29,0,2,0,49,30,-1,true,655,66.67,85.48,82.27,0.0
649,31,1,29,0,2,0,30,15,-1,true,654,84.38,82.27,86.43,0.0
650,41,1,29,0,2,0,19,15,-1,true,654,87.5,84.12,86.43,0.0
651,48,1,29,0,2,1,20,44,1,true,656,81.0,81.67,58.19,85.79
652,39,1,29,0,2,0,13,49,-1,true,656,87.5,85.71,85.48,0.0
653,44,1,29,1,0,0,-1,-1,-1,true,654,83.12,0.0,0.0,0.0
654,44,1,29,1,0,0,-1,-1,-1,true,655,83.12,0.0,0.0,0.0
655,44,1,29,1,0,0,-1,-1,-1,true,656,83.12,0.0,0.0,0.0
656,13,1,29,2,0,0,-1,-1,-1,false,0,85.71,0.0,0.0,0.0
